,Encoder,Scaling,Regressor,CVS_1,CVS_2,CVS_3,CVS_4,CVS_5,Time /s
0,dummy,None,LinearRegression(),-386.3091294120444,-385.1919880539697,-385.9924727317866,-382.57077749883314,-382.00731891527124,17.15411615371704
1,ordinal,None,DecisionTreeRegressor(max_depth=5),-588.5694406353167,-586.030461959964,-588.399047389512,-584.1152141911741,-582.1690003018913,11.240817785263062
