,Encoder,Scaling,Regressor,CVS_1,CVS_2,CVS_3,CVS_4,CVS_5,Time /s
0,"Dummy_Encoder(features=ALL, exclude=NONE)",None,LinearRegression(),-386.3091294120444,-385.1919880539697,-385.9924727317866,-382.57077749883314,-382.00731891527124,21.581088066101074
1,"Ordinal_Encoder(metric=mean, target=salary, features=ALL)",None,DecisionTreeRegressor(max_depth=5),-588.5694406353167,-586.030461959964,-588.399047389512,-584.1152141911741,-582.1690003018913,14.532132863998413
