,Training sample size,Encoder,Interactions,Scaling,Regressor,CSV_1_MSE,CSV_2_MSE,CSV_3_MSE,CSV_4_MSE,CSV_5_MSE,Time /s
0,999995,"Ordinal_Encoder(metric=mean, target=salary, features=ALL)",None,None,"RandomForestRegressor(max_depth=5, n_estimators=25)",-452.3859492406744,-448.29281448956766,-451.20562545070686,-443.7218983171206,-444.4993957264832,329.6064200401306
1,999995,"Ordinal_Encoder(metric=mean, target=salary, features=ALL)",None,None,"GradientBoostingRegressor(max_depth=5, n_estimators=40)",-358.5085215288054,-357.2549321912579,-357.8746964774394,-355.35497014612906,-354.5346320797312,962.6419820785522
2,999995,"Ordinal_Encoder(metric=mean, target=salary, features=ALL)",None,None,"RandomForestRegressor(max_depth=10, n_estimators=25)",-359.8086917076261,-358.39630726859167,-359.0148003167725,-356.0265730478907,-355.84429319200984,668.7114431858063
3,999995,"Ordinal_Encoder(metric=mean, target=salary, features=ALL)",None,None,"GradientBoostingRegressor(max_depth=10, n_estimators=40)",-358.4500164226644,-357.1755821010752,-357.6629522890114,-355.3257809738935,-355.02323843296125,1166.5577142238617
4,999995,"Ordinal_Encoder(metric=mean, target=salary, features=ALL)",None,None,"RandomForestRegressor(max_depth=15, n_estimators=25)",-365.6338780201473,-363.9619908710987,-364.74832689420685,-362.17005674556816,-362.24927444848896,669.171174287796
5,999995,"Ordinal_Encoder(metric=mean, target=salary, features=ALL)",None,None,"GradientBoostingRegressor(max_depth=15, n_estimators=40)",-383.0278097182147,-381.9221287232711,-383.0052656640143,-379.6101076313714,-379.0414306808988,2532.695009946823
6,999995,"Ordinal_Encoder(metric=mean, target=salary, features=ALL)",None,None,"RandomForestRegressor(max_depth=20, n_estimators=25)",-386.08057504118034,-385.1668971125666,-386.1905968497012,-383.2351270154096,-383.0541071448012,786.1044249534607
